Metric,Popularity,Personalized
Precision@5,0.013600000000000001,0.0144
Recall@5,0.033633333333333335,0.0358
Precision@10,0.016399999999999998,0.0128
Recall@10,0.0797,0.06559999999999999
Precision@20,0.0145,0.012399999999999998
Recall@20,0.13953333333333334,0.1191
