Metric,Popularity,Personalized
Precision@5,0.015200000000000003,0.013600000000000001
Recall@5,0.0337,0.03296666666666667
Precision@10,0.014400000000000001,0.013800000000000003
Recall@10,0.06296666666666666,0.06736666666666667
Precision@20,0.012600000000000002,0.0132
Recall@20,0.11866666666666667,0.12986666666666666
